<?xml version="1.0" encoding="utf-8" ?>
<!DOCTYPE mapper PUBLIC "-//mybatis.org//DTD Mapper 3.0//EN"
        "http://mybatis.org/dtd/mybatis-3-mapper.dtd" >
<mapper namespace="com.zlt.dao.ResourceDao">
    <select id="getMenuByUsers" resultType="com.zlt.entity.Resource">
        SELECT DISTINCT sys_user_role.`user_id`,sys_resources.`id`,sys_resources.`name`,parent_id
        FROM sys_resources INNER JOIN sys_role_resources   ON sys_resources.`id` = sys_role_resources.`resources_id` inner join sys_user_role                                                                                                                       on sys_role_resources.role_id = sys_user_role.user_id
        where sys_user_role.user_id = 2
        and sys_resources.type = 'menu'
    </select>
    <select id="getResourceByPid" resultType="com.zlt.entity.Resource">
        SELECT DISTINCT sys_user_role.user_id,sys_resources.id,sys_resources.name,parent_id
        FROM sys_resources INNER JOIN sys_role_resources
                                      ON sys_resources.id = sys_role_resources.resources_id
                           INNER JOIN sys_user_role
                                      ON sys_role_resources.role_id = sys_user_role.user_id
        WHERE sys_user_role.user_id = #{userId}
          and sys_resources.parent_id = #{pId}
    </select>
    <select id="getResources" resultType="com.zlt.entity.Resource">
        SELECT id,name,parent_id,sort from sys_resources                                          ON sys_resources.`id` = sys_role_resources.`resources_id`
    </select>

    <insert id="addRoleToUser">
        insert into sys_user_role(user_id,role_id,create_time)
        values (3,1,'2022-04-23 10: 39:33')
    </insert>

    <insert id="addResourceToRole">
        INSERT INTO sys_user_role(role_id,resource_id,create_time)
        VALUES (3,1,'2022-04-23 10:39:33')
    </insert>
</mapper>