<?xml version="1.0" encoding="utf-8" ?>
<!DOCTYPE mapper PUBLIC "-//mybatis.org//DTD Mapper 3.0//EN"
        "http://mybatis.org/dtd/mybatis-3-mapper.dtd" >
<mapper namespace="com.zlt.dao.ResourceDao">
    <select id="getMenuByUser" resultType="com.zlt.entity.vo.user_resource">
        select distinct sys_user_role.user_id,sys_resources.id,sys_resources.name,parent_id
        from sys_resources inner join sys_role_resources
                                      on sys_resources.id = sys_role_resources.resources_id  -- 表中有关系的列=
                           inner join sys_user_role
                                      on sys_role_resources.role_id = sys_user_role.user_id
        where sys_user_role.user_id = #{userId}
          and sys_resources.type = 'menu'

    </select>
    <select id="getResourceByPid" resultType="com.zlt.entity.vo.user_resource">
        SELECT DISTINCT sys_user_role.user_id,sys_resources.id,sys_resources.name,parent_id
        FROM sys_resources INNER JOIN sys_role_resources
                                      ON sys_resources.id = sys_role_resources.resources_id  -- 表中有关系的列=
                           INNER JOIN sys_user_role
                                      ON sys_role_resources.role_id = sys_user_role.user_id
        WHERE sys_user_role.user_id = #{userId}
          and sys_resources.parent_id = #{pId}
    </select>
    <select id="getResource" resultType="com.zlt.entity.resource">
        select id,name,parent_id,sort
        from sys_resources
    </select>
    <insert id="addRoleToUser">
        insert into sys_user_role(user_id,role_id,create_time)
        values (#{userId},#{roleId},now())
    </insert>
    <insert id="addResourceToRole">
        INSERT INTO sys_role_resources(role_id,resources_id,create_time)
        VALUES (#{roleId},#{resourceId},now())
    </insert>
</mapper>